{"stats":{"minecraft:mined":{"minecraft:white_bed":6,"minecraft:oak_sapling":28,"minecraft:mossy_cobblestone":8,"minecraft:cherry_log":1,"minecraft:cherry_sapling":3,"minecraft:granite":59,"minecraft:grass_block":33,"minecraft:spruce_leaves":14,"minecraft:redstone_ore":3,"minecraft:iron_ore":45,"minecraft:andesite":5,"minecraft:pumpkin":7,"minecraft:pointed_dripstone":11,"minecraft:dirt_path":1,"minecraft:stripped_oak_log":15,"minecraft:blue_orchid":1,"minecraft:stone":423,"minecraft:polished_granite":2,"minecraft:crafting_table":4,"minecraft:torch":1,"minecraft:short_grass":174,"minecraft:poppy":2,"minecraft:chest":1,"minecraft:white_stained_glass_pane":1,"minecraft:cobblestone":15,"minecraft:tall_grass":25,"minecraft:copper_ore":2,"minecraft:sugar_cane":5,"minecraft:diorite":6,"minecraft:birch_sapling":5,"minecraft:birch_log":257,"minecraft:wheat":7,"minecraft:sweet_berry_bush":12,"minecraft:lilac":1,"minecraft:spruce_log":21,"minecraft:birch_leaves":26,"minecraft:yellow_stained_glass_pane":1,"minecraft:oak_log":679,"minecraft:coal_ore":83,"minecraft:cherry_leaves":287,"minecraft:dripstone_block":4,"minecraft:dirt":32,"minecraft:stonecutter":1,"minecraft:stone_bricks":1,"minecraft:oak_leaves":271},"minecraft:custom":{"minecraft:mob_kills":39,"minecraft:interact_with_crafting_table":28,"minecraft:bell_ring":1,"minecraft:leave_game":4,"minecraft:time_since_death":15047,"minecraft:climb_one_cm":224,"minecraft:sprint_one_cm":981841,"minecraft:walk_one_cm":724585,"minecraft:damage_blocked_by_shield":80,"minecraft:drop":32,"minecraft:talked_to_villager":14,"minecraft:play_time":295354,"minecraft:sneak_time":4519,"minecraft:deaths":3,"minecraft:walk_under_water_one_cm":3183,"minecraft:jump":3760,"minecraft:interact_with_blast_furnace":1,"minecraft:walk_on_water_one_cm":15448,"minecraft:total_world_time":295354,"minecraft:interact_with_furnace":22,"minecraft:traded_with_villager":7,"minecraft:interact_with_grindstone":1,"minecraft:interact_with_stonecutter":6,"minecraft:sleep_in_bed":9,"minecraft:time_since_rest":15134,"minecraft:damage_taken":3454,"minecraft:damage_dealt":7606,"minecraft:swim_one_cm":37574,"minecraft:fly_one_cm":514477,"minecraft:open_chest":14,"minecraft:crouch_one_cm":3378,"minecraft:fall_one_cm":110004},"minecraft:killed_by":{"minecraft:player":2},"minecraft:used":{"minecraft:stone_sword":31,"minecraft:stone_shovel":28,"minecraft:poppy":3,"minecraft:diamond_hoe":32,"minecraft:chest":1,"minecraft:spruce_planks":3,"minecraft:shield":4,"minecraft:iron_sword":58,"minecraft:torch":85,"minecraft:dirt":54,"minecraft:mutton":10,"minecraft:oak_wood":2,"minecraft:iron_axe":399,"minecraft:birch_sapling":25,"minecraft:stone_brick_stairs":2,"minecraft:stone_bricks":49,"minecraft:golden_sword":32,"minecraft:bow":7,"minecraft:sweet_berries":34,"minecraft:oak_sapling":38,"minecraft:furnace":1,"minecraft:cooked_beef":21,"minecraft:golden_axe":68,"minecraft:wheat_seeds":21,"minecraft:cooked_mutton":2,"minecraft:birch_leaves":1,"minecraft:stone_pickaxe":126,"minecraft:oak_planks":2,"minecraft:wooden_pickaxe":31,"minecraft:diamond_axe":814,"minecraft:stonecutter":2,"minecraft:mossy_cobblestone":8,"minecraft:crafting_table":5,"minecraft:white_bed":7,"minecraft:shears":316,"minecraft:oak_log":62,"minecraft:cornflower":4,"minecraft:diamond_pickaxe":533,"minecraft:apple":16,"minecraft:bread":8,"minecraft:string":1,"minecraft:polished_granite":42,"minecraft:spruce_sapling":5,"minecraft:stone_axe":264,"minecraft:fire_charge":1,"minecraft:cobblestone":210,"minecraft:porkchop":5,"minecraft:cooked_porkchop":3,"minecraft:cooked_rabbit":1,"minecraft:andesite":3,"minecraft:stripped_oak_log":3,"minecraft:bone_meal":3},"minecraft:dropped":{"minecraft:oak_log":525,"minecraft:feather":1,"minecraft:stick":15,"minecraft:diorite":3,"minecraft:iron_axe":1,"minecraft:birch_log":159,"minecraft:spruce_sapling":1,"minecraft:dandelion":1,"minecraft:raw_iron":32,"minecraft:chicken":1,"minecraft:rotten_flesh":4,"minecraft:stripped_oak_log":1,"minecraft:poppy":1,"minecraft:rabbit_hide":1,"minecraft:spruce_planks":1,"minecraft:andesite":1,"minecraft:spruce_log":6,"minecraft:oak_leaves":3},"minecraft:picked_up":{"minecraft:crafting_table":3,"minecraft:wheat":33,"minecraft:chicken":2,"minecraft:wooden_pickaxe":1,"minecraft:cooked_rabbit":1,"minecraft:golden_sword":1,"minecraft:cornflower":4,"minecraft:string":3,"minecraft:iron_axe":3,"minecraft:raw_copper":6,"minecraft:beef":21,"minecraft:poppy":5,"minecraft:sugar_cane":10,"minecraft:chest":2,"minecraft:birch_sapling":54,"minecraft:diamond_hoe":2,"minecraft:stick":182,"minecraft:raw_iron":45,"minecraft:torch":12,"minecraft:fire_charge":1,"minecraft:porkchop":11,"minecraft:golden_axe":1,"minecraft:diorite":3,"minecraft:redstone":13,"minecraft:stone_sword":1,"minecraft:arrow":2,"minecraft:rotten_flesh":20,"minecraft:stone_shovel":1,"minecraft:saddle":1,"minecraft:mutton":14,"minecraft:white_wool":23,"minecraft:cobblestone":418,"minecraft:stripped_oak_log":15,"minecraft:birch_log":269,"minecraft:birch_leaves":1,"minecraft:feather":2,"minecraft:andesite":4,"minecraft:leather":6,"minecraft:oak_log":717,"minecraft:dirt":72,"minecraft:polished_granite":2,"minecraft:cooked_mutton":2,"minecraft:bone":1,"minecraft:stone_bricks":1,"minecraft:apple":27,"minecraft:stonecutter":1,"minecraft:wheat_seeds":82,"minecraft:stone_pickaxe":1,"minecraft:iron_ingot":12,"minecraft:rabbit_hide":1,"minecraft:iron_sword":1,"minecraft:pumpkin":7,"minecraft:sweet_berries":39,"minecraft:dandelion":1,"minecraft:spruce_sapling":7,"minecraft:white_bed":6,"minecraft:spruce_log":20,"minecraft:mossy_cobblestone":8,"minecraft:oak_wood":7,"minecraft:diamond":16,"minecraft:granite":56,"minecraft:diamond_axe":2,"minecraft:cherry_sapling":19,"minecraft:bread":13,"minecraft:oak_sapling":144,"minecraft:black_wool":2,"minecraft:coal":83,"minecraft:oak_leaves":3,"minecraft:diamond_pickaxe":1},"minecraft:killed":{"minecraft:spider":2,"minecraft:skeleton":1,"minecraft:chicken":1,"minecraft:pig":5,"minecraft:rabbit":1,"minecraft:iron_golem":3,"minecraft:sheep":8,"minecraft:zombie":7,"minecraft:villager":1,"minecraft:enderman":1,"minecraft:cow":8},"minecraft:crafted":{"minecraft:oak_planks":12,"minecraft:stone_shovel":1,"minecraft:furnace":1,"minecraft:stone":58,"minecraft:bone_meal":3,"minecraft:bow":1,"minecraft:diamond_helmet":1,"minecraft:diamond_leggings":1,"minecraft:stone_pickaxe":1,"minecraft:diamond_boots":1,"minecraft:stone_bricks":55,"minecraft:cooked_beef":21,"minecraft:arrow":16,"minecraft:emerald":5,"minecraft:cooked_porkchop":3,"minecraft:crafting_table":2,"minecraft:spruce_planks":56,"minecraft:wooden_pickaxe":1,"minecraft:polished_granite":56,"minecraft:stone_axe":2,"minecraft:stone_brick_stairs":2,"minecraft:iron_chestplate":1,"minecraft:shield":1,"minecraft:stick":84,"minecraft:iron_ingot":13,"minecraft:stone_sword":1,"minecraft:iron_leggings":1,"minecraft:stonecutter":1,"minecraft:white_bed":1,"minecraft:torch":80,"minecraft:shears":2},"minecraft:broken":{"minecraft:shears":1,"minecraft:stone_pickaxe":1,"minecraft:golden_sword":1,"minecraft:golden_axe":2,"minecraft:iron_axe":1,"minecraft:stone_axe":2}},"DataVersion":3839}