{"stats":{"minecraft:mined":{"minecraft:short_grass":2,"minecraft:oak_log":2,"minecraft:oak_leaves":2},"minecraft:custom":{"minecraft:jump":22,"minecraft:time_since_rest":2524,"minecraft:leave_game":1,"minecraft:damage_dealt":100,"minecraft:damage_taken":20,"minecraft:sprint_one_cm":3351,"minecraft:play_time":2524,"minecraft:time_since_death":2524,"minecraft:walk_one_cm":9120,"minecraft:total_world_time":2524,"minecraft:mob_kills":1,"minecraft:fall_one_cm":269,"minecraft:fly_one_cm":1967},"minecraft:picked_up":{"minecraft:oak_log":2},"minecraft:killed":{"minecraft:bee":1}},"DataVersion":3839}