{"stats":{"minecraft:mined":{"minecraft:dragon_wall_head":1,"minecraft:spruce_planks":3,"minecraft:white_bed":4,"minecraft:cobblestone_stairs":4,"minecraft:cherry_log":47,"minecraft:brewing_stand":5,"minecraft:grass_block":34,"minecraft:cracked_polished_blackstone_bricks":7,"minecraft:soul_soil":21,"minecraft:purpur_slab":3,"minecraft:composter":3,"minecraft:oxeye_daisy":2,"minecraft:nether_wart":20,"minecraft:polished_blackstone_bricks":41,"minecraft:magma_block":1,"minecraft:fire":4,"minecraft:iron_ore":11,"minecraft:cobbled_deepslate":3,"minecraft:fletching_table":22,"minecraft:azure_bluet":2,"minecraft:enchanting_table":2,"minecraft:dirt_path":8,"minecraft:oak_stairs":1,"minecraft:iron_bars":1,"minecraft:end_stone_bricks":6,"minecraft:brown_mushroom":25,"minecraft:blackstone":67,"minecraft:purpur_stairs":2,"minecraft:powder_snow":1,"minecraft:poppy":2,"minecraft:chest":4,"minecraft:cobblestone":35,"minecraft:grindstone":1,"minecraft:sugar_cane":444,"minecraft:oak_planks":36,"minecraft:iron_door":1,"minecraft:wall_torch":1,"minecraft:birch_log":6,"minecraft:wheat":55,"minecraft:purpur_block":8,"minecraft:oak_log":422,"minecraft:beetroots":5,"minecraft:sand":13,"minecraft:dirt":36,"minecraft:netherrack":499,"minecraft:oak_leaves":51,"minecraft:nether_gold_ore":40,"minecraft:mossy_cobblestone":3,"minecraft:shulker_box":15,"minecraft:end_stone":72,"minecraft:nether_bricks":1,"minecraft:birch_slab":2,"minecraft:spruce_leaves":8,"minecraft:hay_block":57,"minecraft:furnace":3,"minecraft:carrots":18,"minecraft:andesite":4,"minecraft:gold_block":2,"minecraft:nether_brick_fence":1,"minecraft:bookshelf":466,"minecraft:potatoes":333,"minecraft:stripped_oak_log":9,"minecraft:stone":102,"minecraft:bone_block":10,"minecraft:yellow_shulker_box":16,"minecraft:smithing_table":2,"minecraft:oak_slab":4,"minecraft:soul_sand":9,"minecraft:basalt":125,"minecraft:dandelion":2,"minecraft:oak_fence":3,"minecraft:crafting_table":6,"minecraft:cornflower":1,"minecraft:short_grass":65,"minecraft:oak_wood":1,"minecraft:lectern":38,"minecraft:tall_grass":14,"minecraft:diorite":10,"minecraft:birch_planks":7,"minecraft:cobblestone_wall":1,"minecraft:sweet_berry_bush":1,"minecraft:spruce_log":7,"minecraft:yellow_bed":14,"minecraft:coal_ore":85,"minecraft:cherry_leaves":3,"minecraft:gravel":171,"minecraft:cobweb":11,"minecraft:stone_bricks":2},"minecraft:killed_by":{"minecraft:blaze":2,"minecraft:zombie":1,"minecraft:player":8,"minecraft:ender_dragon":2},"minecraft:killed":{"minecraft:spider":3,"minecraft:shulker":21,"minecraft:skeleton":9,"minecraft:piglin_brute":9,"minecraft:magma_cube":6,"minecraft:piglin":24,"minecraft:pig":14,"minecraft:zombie_villager":1,"minecraft:iron_golem":4,"minecraft:creeper":5,"minecraft:sheep":14,"minecraft:trader_llama":1,"minecraft:zombie":18,"minecraft:ghast":1,"minecraft:blaze":45,"minecraft:cow":29,"minecraft:horse":4,"minecraft:drowned":1,"minecraft:hoglin":7,"minecraft:wither_skeleton":10,"minecraft:enderman":3},"minecraft:dropped":{"minecraft:iron_sword":1,"minecraft:soul_sand":1,"minecraft:diamond_axe":5,"minecraft:cooked_beef":23,"minecraft:oak_log":21,"minecraft:ender_pearl":6,"minecraft:diamond":13,"minecraft:netherite_upgrade_smithing_template":1,"minecraft:elytra":2,"minecraft:emerald":6,"minecraft:dirt":4,"minecraft:mutton":2,"minecraft:birch_log":6,"minecraft:bone":1,"minecraft:stone_axe":5,"minecraft:sugar_cane":4,"minecraft:rotten_flesh":2,"minecraft:cooked_mutton":16,"minecraft:azure_bluet":3,"minecraft:oak_wood":7,"minecraft:chest":1,"minecraft:basalt":4,"minecraft:iron_bars":2,"minecraft:arrow":56,"minecraft:beef":2,"minecraft:quartz":4,"minecraft:netherrack":3,"minecraft:bread":194,"minecraft:water_bucket":1,"minecraft:golden_boots":2,"minecraft:iron_ingot":1,"minecraft:wheat_seeds":9,"minecraft:diamond_leggings":2,"minecraft:book":64,"minecraft:iron_helmet":3,"minecraft:cobblestone":3,"minecraft:apple":2,"minecraft:stick":2,"minecraft:diamond_helmet":4,"minecraft:potion":1,"minecraft:oak_stairs":1,"minecraft:iron_axe":1,"minecraft:chainmail_leggings":3,"minecraft:spruce_sapling":1,"minecraft:stone_sword":1,"minecraft:diamond_hoe":3,"minecraft:ender_eye":6,"minecraft:shulker_box":1,"minecraft:netherite_leggings":1,"minecraft:diamond_sword":2,"minecraft:hay_block":6,"minecraft:shield":7,"minecraft:diamond_chestplate":1,"minecraft:dragon_egg":1,"minecraft:diamond_pickaxe":4,"minecraft:mossy_stone_bricks":1,"minecraft:oak_sapling":33,"minecraft:light_gray_dye":1,"minecraft:bow":2,"minecraft:stone_pickaxe":1,"minecraft:nautilus_shell":2,"minecraft:magma_block":1},"minecraft:picked_up":{"minecraft:shulker_shell":11,"minecraft:wheat":69,"minecraft:nether_brick_fence":1,"minecraft:smithing_table":2,"minecraft:lead":2,"minecraft:diamond_sword":3,"minecraft:oak_stairs":2,"minecraft:potion":6,"minecraft:brewing_stand":7,"minecraft:string":8,"minecraft:soul_soil":62,"minecraft:netherite_ingot":7,"minecraft:diamond_leggings":3,"minecraft:gold_nugget":192,"minecraft:cobbled_deepslate":3,"minecraft:bucket":1,"minecraft:spruce_planks":5,"minecraft:netherite_upgrade_smithing_template":5,"minecraft:iron_pickaxe":3,"minecraft:furnace":3,"minecraft:stick":945,"minecraft:composter":3,"minecraft:oak_fence":14,"minecraft:torch":20,"minecraft:porkchop":3,"minecraft:golden_axe":1,"minecraft:cherry_log":38,"minecraft:diorite":17,"minecraft:stone_sword":2,"minecraft:rotten_flesh":26,"minecraft:iron_block":1,"minecraft:blaze_rod":55,"minecraft:obsidian":10,"minecraft:iron_bars":4,"minecraft:cobblestone":144,"minecraft:nautilus_shell":2,"minecraft:birch_log":393,"minecraft:enchanting_table":2,"minecraft:pink_petals":2,"minecraft:magma_block":1,"minecraft:cooked_beef":100,"minecraft:lilac":3,"minecraft:birch_slab":2,"minecraft:water_bucket":2,"minecraft:andesite":4,"minecraft:potato":900,"minecraft:flint":15,"minecraft:wither_skeleton_skull":1,"minecraft:map":1,"minecraft:dirt":93,"minecraft:bone":28,"minecraft:bow":2,"minecraft:wheat_seeds":120,"minecraft:grindstone":1,"minecraft:diamond_helmet":4,"minecraft:fletching_table":22,"minecraft:mossy_stone_bricks":3,"minecraft:stone_hoe":2,"minecraft:oak_planks":194,"minecraft:cooked_porkchop":92,"minecraft:poisonous_potato":6,"minecraft:sand":13,"minecraft:grass_block":1,"minecraft:shulker_box":16,"minecraft:mossy_cobblestone":9,"minecraft:diamond":27,"minecraft:cracked_polished_blackstone_bricks":4,"minecraft:emerald":122,"minecraft:chainmail_helmet":1,"minecraft:bread":91,"minecraft:oak_sapling":72,"minecraft:netherrack":455,"minecraft:oak_leaves":6,"minecraft:diamond_pickaxe":5,"minecraft:end_stone_bricks":6,"minecraft:crafting_table":8,"minecraft:azure_bluet":8,"minecraft:nether_wart":23,"minecraft:ladder":2,"minecraft:brown_mushroom":20,"minecraft:wooden_pickaxe":2,"minecraft:gold_block":2,"minecraft:dragon_head":1,"minecraft:purpur_block":4,"minecraft:shield":9,"minecraft:cornflower":3,"minecraft:elytra":3,"minecraft:flint_and_steel":1,"minecraft:item_frame":1,"minecraft:blackstone":47,"minecraft:blue_orchid":2,"minecraft:beef":2,"minecraft:poppy":7,"minecraft:lectern":38,"minecraft:sugar_cane":784,"minecraft:chest":4,"minecraft:diamond_hoe":5,"minecraft:raw_iron":61,"minecraft:end_stone":76,"minecraft:oak_door":2,"minecraft:polished_blackstone_bricks":31,"minecraft:carrot":18,"minecraft:arrow":71,"minecraft:stone_shovel":1,"minecraft:diamond_chestplate":3,"minecraft:beetroot_seeds":10,"minecraft:purpur_slab":2,"minecraft:diamond_boots":2,"minecraft:hay_block":56,"minecraft:gold_ingot":1,"minecraft:mutton":17,"minecraft:bone_block":10,"minecraft:white_wool":26,"minecraft:oxeye_daisy":2,"minecraft:stripped_oak_log":10,"minecraft:yellow_shulker_box":16,"minecraft:basalt":144,"minecraft:salmon":10,"minecraft:leather":61,"minecraft:birch_planks":8,"minecraft:purpur_stairs":2,"minecraft:oak_log":2021,"minecraft:cobblestone_wall":1,"minecraft:golden_boots":1,"minecraft:yellow_bed":16,"minecraft:gunpowder":8,"minecraft:cobblestone_stairs":4,"minecraft:paper":17,"minecraft:cooked_mutton":40,"minecraft:apple":7,"minecraft:stone_bricks":1,"minecraft:iron_ingot":29,"minecraft:stone_pickaxe":2,"minecraft:soul_sand":24,"minecraft:iron_sword":2,"minecraft:book":1442,"minecraft:oak_slab":12,"minecraft:birch_boat":6,"minecraft:sweet_berries":2,"minecraft:quartz":4,"minecraft:dandelion":2,"minecraft:gravel":153,"minecraft:spruce_sapling":1,"minecraft:white_bed":5,"minecraft:spruce_log":13,"minecraft:dragon_egg":1,"minecraft:spider_eye":2,"minecraft:oak_wood":1,"minecraft:pumpkin_seeds":16,"minecraft:stone_axe":5,"minecraft:chainmail_leggings":2,"minecraft:iron_helmet":2,"minecraft:diamond_axe":4,"minecraft:cherry_sapling":2,"minecraft:baked_potato":19,"minecraft:coal":165,"minecraft:ender_pearl":10},"minecraft:broken":{"minecraft:stone_axe":2,"minecraft:stone_shovel":1,"minecraft:stone_hoe":1},"minecraft:used":{"minecraft:diamond_hoe":186,"minecraft:elytra":47,"minecraft:chest":10,"minecraft:shield":34,"minecraft:iron_sword":161,"minecraft:soul_sand":7,"minecraft:mutton":2,"minecraft:blue_orchid":2,"minecraft:iron_helmet":1,"minecraft:item_frame":1,"minecraft:netherite_boots":3,"minecraft:bow":75,"minecraft:sweet_berries":2,"minecraft:furnace":2,"minecraft:potato":566,"minecraft:golden_boots":1,"minecraft:diorite":3,"minecraft:end_stone_bricks":6,"minecraft:diamond_boots":2,"minecraft:stone_pickaxe":1,"minecraft:oak_planks":249,"minecraft:blackstone":47,"minecraft:ender_pearl":10,"minecraft:wooden_pickaxe":29,"minecraft:composter":4,"minecraft:sugar_cane":29,"minecraft:diamond_axe":971,"minecraft:white_wool":8,"minecraft:purpur_stairs":2,"minecraft:sand":1,"minecraft:netherite_leggings":3,"minecraft:blast_furnace":1,"minecraft:netherite_helmet":3,"minecraft:end_stone":74,"minecraft:birch_slab":3,"minecraft:bread":38,"minecraft:lectern":39,"minecraft:gravel":136,"minecraft:diamond_sword":443,"minecraft:grindstone":1,"minecraft:smithing_table":2,"minecraft:andesite":3,"minecraft:purpur_block":4,"minecraft:netherite_sword":26,"minecraft:enchanting_table":2,"minecraft:stone_shovel":268,"minecraft:spruce_planks":13,"minecraft:cooked_salmon":2,"minecraft:stone_hoe":153,"minecraft:netherrack":317,"minecraft:torch":26,"minecraft:brewing_stand":3,"minecraft:dirt":82,"minecraft:cobblestone_wall":1,"minecraft:shulker_box":15,"minecraft:oak_wood":1,"minecraft:wooden_axe":5,"minecraft:bookshelf":14,"minecraft:oak_stairs":1,"minecraft:diamond_chestplate":47,"minecraft:basalt":129,"minecraft:soul_soil":4,"minecraft:netherite_pickaxe":3,"minecraft:cooked_beef":56,"minecraft:cherry_log":3,"minecraft:wheat_seeds":86,"minecraft:cooked_mutton":42,"minecraft:water_bucket":24,"minecraft:birch_planks":16,"minecraft:yellow_shulker_box":16,"minecraft:glass_bottle":6,"minecraft:netherite_chestplate":3,"minecraft:baked_potato":4,"minecraft:birch_boat":9,"minecraft:fletching_table":29,"minecraft:polished_blackstone_bricks":31,"minecraft:salmon":3,"minecraft:oak_slab":13,"minecraft:crafting_table":7,"minecraft:white_bed":6,"minecraft:smoker":1,"minecraft:oak_log":13,"minecraft:ender_eye":6,"minecraft:diamond_pickaxe":1070,"minecraft:cracked_polished_blackstone_bricks":4,"minecraft:iron_pickaxe":126,"minecraft:netherite_axe":3,"minecraft:stone_axe":292,"minecraft:cobblestone":71,"minecraft:potion":1,"minecraft:cooked_porkchop":20,"minecraft:bucket":25,"minecraft:yellow_bed":13,"minecraft:chainmail_leggings":1},"minecraft:custom":{"minecraft:interact_with_crafting_table":83,"minecraft:open_shulker_box":116,"minecraft:bell_ring":7,"minecraft:leave_game":9,"minecraft:time_since_death":6809,"minecraft:sprint_one_cm":1828952,"minecraft:damage_blocked_by_shield":1478,"minecraft:drop":171,"minecraft:talked_to_villager":385,"minecraft:play_time":613215,"minecraft:deaths":18,"minecraft:jump":12097,"minecraft:interact_with_brewingstand":7,"minecraft:walk_on_water_one_cm":20247,"minecraft:enchant_item":2,"minecraft:interact_with_furnace":141,"minecraft:traded_with_villager":947,"minecraft:sleep_in_bed":22,"minecraft:damage_dealt":49859,"minecraft:player_kills":5,"minecraft:crouch_one_cm":109030,"minecraft:interact_with_smoker":7,"minecraft:interact_with_smithing_table":8,"minecraft:mob_kills":237,"minecraft:interact_with_anvil":13,"minecraft:climb_one_cm":4494,"minecraft:walk_one_cm":1241324,"minecraft:sneak_time":31599,"minecraft:walk_under_water_one_cm":15084,"minecraft:boat_one_cm":116995,"minecraft:interact_with_blast_furnace":10,"minecraft:total_world_time":613215,"minecraft:interact_with_grindstone":4,"minecraft:time_since_rest":6846,"minecraft:damage_taken":13776,"minecraft:swim_one_cm":37589,"minecraft:fly_one_cm":3999073,"minecraft:open_chest":272,"minecraft:aviate_one_cm":562773,"minecraft:fall_one_cm":336258},"minecraft:crafted":{"minecraft:smooth_stone":3,"minecraft:oak_planks":8160,"minecraft:chainmail_helmet":12,"minecraft:blaze_powder":14,"minecraft:birch_boat":5,"minecraft:birch_slab":30,"minecraft:stone":3,"minecraft:bookshelf":17,"minecraft:shulker_box":4,"minecraft:cooked_mutton":35,"minecraft:glass":12,"minecraft:diamond_helmet":2,"minecraft:diamond_leggings":2,"minecraft:bow":2,"minecraft:netherite_boots":1,"minecraft:chest":11,"minecraft:netherite_upgrade_smithing_template":4,"minecraft:stone_hoe":1,"minecraft:ender_eye":12,"minecraft:golden_boots":4,"minecraft:smoker":1,"minecraft:glass_bottle":6,"minecraft:oak_slab":12,"minecraft:arrow":112,"minecraft:emerald":785,"minecraft:cooked_porkchop":2,"minecraft:diamond_axe":9,"minecraft:crafting_table":4,"minecraft:spruce_planks":52,"minecraft:wooden_pickaxe":1,"minecraft:baked_potato":23,"minecraft:iron_helmet":10,"minecraft:gold_block":16,"minecraft:fletching_table":7,"minecraft:oak_wood":12,"minecraft:birch_planks":1576,"minecraft:lectern":3,"minecraft:book":32,"minecraft:paper":1821,"minecraft:diamond_pickaxe":4,"minecraft:yellow_dye":1,"minecraft:shield":16,"minecraft:stick":18608,"minecraft:iron_ingot":100,"minecraft:iron_pickaxe":1,"minecraft:iron_block":2,"minecraft:stone_sword":1,"minecraft:gold_ingot":37,"minecraft:light_gray_dye":3,"minecraft:netherite_ingot":1,"minecraft:composter":2,"minecraft:redstone":22,"minecraft:stone_shovel":2,"minecraft:netherite_sword":1,"minecraft:diamond_hoe":6,"minecraft:furnace":1,"minecraft:blast_furnace":1,"minecraft:flint_and_steel":1,"minecraft:lantern":1,"minecraft:netherite_axe":1,"minecraft:netherite_leggings":1,"minecraft:yellow_shulker_box":1,"minecraft:iron_axe":1,"minecraft:ender_pearl":18,"minecraft:stone_pickaxe":12,"minecraft:diamond_boots":1,"minecraft:netherite_scrap":2,"minecraft:chainmail_leggings":12,"minecraft:wheat":450,"minecraft:cooked_beef":23,"minecraft:netherite_pickaxe":1,"minecraft:diamond_sword":1,"minecraft:iron_sword":2,"minecraft:cooked_salmon":2,"minecraft:stone_axe":4,"minecraft:glowstone":8,"minecraft:enchanted_book":17,"minecraft:bread":192,"minecraft:air":0,"minecraft:fermented_spider_eye":1,"minecraft:white_bed":2,"minecraft:torch":24,"minecraft:lapis_lazuli":12,"minecraft:diamond_chestplate":1}},"DataVersion":3839}