{"stats":{"minecraft:killed_by":{"minecraft:wither_skeleton":1,"minecraft:piglin_brute":1,"minecraft:blaze":1,"minecraft:zombie":2,"minecraft:player":4,"minecraft:ender_dragon":3},"minecraft:broken":{"minecraft:iron_shovel":1,"minecraft:iron_axe":1,"minecraft:iron_pickaxe":1,"minecraft:wooden_hoe":1},"minecraft:picked_up":{"minecraft:wooden_axe":1,"minecraft:wheat":1595,"minecraft:anvil":1,"minecraft:yellow_wool":6,"minecraft:smithing_table":1,"minecraft:diamond_sword":5,"minecraft:oak_stairs":2,"minecraft:enchanted_book":1,"minecraft:golden_sword":1,"minecraft:string":25,"minecraft:soul_soil":4,"minecraft:raw_copper":41,"minecraft:pink_shulker_box":1,"minecraft:diamond_leggings":4,"minecraft:gold_nugget":1350,"minecraft:cobbled_deepslate":686,"minecraft:bucket":3,"minecraft:spruce_planks":18,"minecraft:ender_eye":6,"minecraft:netherite_upgrade_smithing_template":1,"minecraft:iron_pickaxe":2,"minecraft:stick":154,"minecraft:oak_fence":96,"minecraft:torch":133,"minecraft:purpur_pillar":2,"minecraft:porkchop":110,"minecraft:cherry_log":48,"minecraft:pointed_dripstone":1,"minecraft:diorite":24,"minecraft:rotten_flesh":65,"minecraft:polished_basalt":2,"minecraft:blaze_rod":15,"minecraft:obsidian":8,"minecraft:cobblestone":2527,"minecraft:nautilus_shell":1,"minecraft:birch_log":103,"minecraft:pink_petals":73,"minecraft:cooked_beef":65,"minecraft:feather":2,"minecraft:lilac":2,"minecraft:magma_cream":29,"minecraft:water_bucket":7,"minecraft:andesite":11,"minecraft:brown_wool":1,"minecraft:potato":1173,"minecraft:flint":64,"minecraft:tuff":25,"minecraft:netherite_leggings":2,"minecraft:lapis_lazuli":121,"minecraft:dirt":2460,"minecraft:bone":70,"minecraft:bow":4,"minecraft:wheat_seeds":3386,"minecraft:raw_gold":6,"minecraft:rabbit":2,"minecraft:diamond_helmet":7,"minecraft:glowstone_dust":4,"minecraft:bamboo":128,"minecraft:oak_planks":79,"minecraft:cooked_porkchop":6,"minecraft:poisonous_potato":13,"minecraft:shulker_box":2,"minecraft:diamond":235,"minecraft:cracked_polished_blackstone_bricks":1,"minecraft:bone_meal":3,"minecraft:emerald":16,"minecraft:bread":44,"minecraft:oak_sapling":122,"minecraft:netherrack":1649,"minecraft:chorus_fruit":10,"minecraft:diamond_pickaxe":8,"minecraft:fishing_rod":1,"minecraft:crafting_table":3,"minecraft:allium":3,"minecraft:azure_bluet":5,"minecraft:chicken":2,"minecraft:nether_wart":94,"minecraft:wooden_pickaxe":1,"minecraft:gold_block":2,"minecraft:diamond_horse_armor":1,"minecraft:purpur_block":2,"minecraft:shield":8,"minecraft:cornflower":7,"minecraft:oak_trapdoor":1,"minecraft:elytra":2,"minecraft:iron_axe":2,"minecraft:white_carpet":2,"minecraft:blackstone":76,"minecraft:blue_orchid":1,"minecraft:beef":548,"minecraft:poppy":19,"minecraft:light_gray_wool":2,"minecraft:lectern":1,"minecraft:blue_shulker_box":5,"minecraft:sugar_cane":1569,"minecraft:chest":2,"minecraft:birch_sapling":19,"minecraft:diamond_hoe":3,"minecraft:raw_iron":130,"minecraft:end_stone":94,"minecraft:polished_blackstone_bricks":2,"minecraft:carrot":4,"minecraft:arrow":211,"minecraft:weeping_vines":1,"minecraft:diamond_chestplate":4,"minecraft:peony":35,"minecraft:diamond_boots":3,"minecraft:purpur_slab":2,"minecraft:hay_block":64,"minecraft:saddle":3,"minecraft:gold_ingot":4,"minecraft:mutton":51,"minecraft:bone_block":11,"minecraft:white_wool":45,"minecraft:oxeye_daisy":5,"minecraft:stripped_oak_log":13,"minecraft:yellow_shulker_box":8,"minecraft:basalt":621,"minecraft:salmon":18,"minecraft:leather":392,"minecraft:oak_log":1007,"minecraft:ancient_debris":61,"minecraft:golden_boots":4,"minecraft:yellow_bed":3,"minecraft:gunpowder":14,"minecraft:wooden_hoe":1,"minecraft:cooked_mutton":16,"minecraft:apple":28,"minecraft:iron_ingot":53,"minecraft:oak_fence_gate":2,"minecraft:stone_pickaxe":2,"minecraft:stripped_oak_wood":1,"minecraft:iron_sword":2,"minecraft:soul_sand":176,"minecraft:oak_slab":14,"minecraft:pumpkin":4,"minecraft:sweet_berries":21,"minecraft:quartz":136,"minecraft:dandelion":27,"minecraft:dripstone_block":20,"minecraft:gravel":10,"minecraft:spruce_sapling":1,"minecraft:white_bed":13,"minecraft:spruce_log":8,"minecraft:spider_eye":7,"minecraft:dragon_egg":1,"minecraft:diamond_shovel":1,"minecraft:stone_axe":1,"minecraft:rib_armor_trim_smithing_template":1,"minecraft:diamond_axe":6,"minecraft:cherry_sapling":4,"minecraft:gray_wool":1,"minecraft:baked_potato":12,"minecraft:black_wool":2,"minecraft:coal":222,"minecraft:ender_pearl":15,"minecraft:shulker_shell":10},"minecraft:killed":{"minecraft:zombified_piglin":12,"minecraft:spider":10,"minecraft:shulker":15,"minecraft:skeleton":36,"minecraft:chicken":1,"minecraft:silverfish":3,"minecraft:piglin_brute":1,"minecraft:magma_cube":44,"minecraft:piglin":15,"minecraft:pig":21,"minecraft:zombie_villager":2,"minecraft:salmon":13,"minecraft:iron_golem":11,"minecraft:ender_dragon":1,"minecraft:creeper":19,"minecraft:sheep":29,"minecraft:trader_llama":2,"minecraft:zombie":53,"minecraft:cow":194,"minecraft:blaze":28,"minecraft:horse":10,"minecraft:wandering_trader":1,"minecraft:hoglin":4,"minecraft:wither_skeleton":9,"minecraft:villager":1,"minecraft:enderman":8},"minecraft:custom":{"minecraft:animals_bred":182,"minecraft:interact_with_crafting_table":97,"minecraft:open_shulker_box":54,"minecraft:bell_ring":16,"minecraft:leave_game":12,"minecraft:time_since_death":3982,"minecraft:sprint_one_cm":2239162,"minecraft:damage_blocked_by_shield":5904,"minecraft:drop":776,"minecraft:talked_to_villager":66,"minecraft:play_time":1016118,"minecraft:deaths":20,"minecraft:jump":14501,"minecraft:walk_on_water_one_cm":90212,"minecraft:enchant_item":8,"minecraft:interact_with_furnace":48,"minecraft:traded_with_villager":41,"minecraft:interact_with_cartography_table":1,"minecraft:sleep_in_bed":12,"minecraft:open_enderchest":2,"minecraft:damage_dealt":83695,"minecraft:player_kills":9,"minecraft:crouch_one_cm":65630,"minecraft:interact_with_smoker":10,"minecraft:interact_with_smithing_table":26,"minecraft:interact_with_anvil":13,"minecraft:mob_kills":554,"minecraft:climb_one_cm":34764,"minecraft:walk_one_cm":2740743,"minecraft:sneak_time":21635,"minecraft:walk_under_water_one_cm":56948,"minecraft:boat_one_cm":1189,"minecraft:interact_with_blast_furnace":8,"minecraft:total_world_time":1016118,"minecraft:interact_with_grindstone":2,"minecraft:time_since_rest":9129,"minecraft:damage_taken":16658,"minecraft:swim_one_cm":115627,"minecraft:fly_one_cm":3642356,"minecraft:open_chest":219,"minecraft:aviate_one_cm":90599,"minecraft:fish_caught":1,"minecraft:fall_one_cm":428409},"minecraft:dropped":{"minecraft:iron_sword":1,"minecraft:porkchop":5,"minecraft:diamond_axe":1,"minecraft:lapis_lazuli":38,"minecraft:oak_log":459,"minecraft:ender_pearl":2,"minecraft:diamond":62,"minecraft:cooked_porkchop":2,"minecraft:netherite_upgrade_smithing_template":5,"minecraft:leather":16,"minecraft:saddle":1,"minecraft:emerald":50,"minecraft:dirt":82,"minecraft:cornflower":4,"minecraft:mutton":6,"minecraft:gold_nugget":162,"minecraft:bone_meal":1,"minecraft:bone_block":11,"minecraft:iron_pickaxe":2,"minecraft:birch_log":1,"minecraft:white_wool":12,"minecraft:bone":4,"minecraft:gravel":10,"minecraft:stone_axe":1,"minecraft:blackstone":59,"minecraft:cobbled_deepslate":3,"minecraft:pink_dye":1,"minecraft:wheat":33,"minecraft:obsidian":4,"minecraft:pointed_dripstone":1,"minecraft:cherry_sapling":1,"minecraft:rotten_flesh":61,"minecraft:oak_planks":63,"minecraft:glowstone_dust":4,"minecraft:cooked_mutton":5,"minecraft:carrot":3,"minecraft:salmon":5,"minecraft:poppy":1,"minecraft:gunpowder":3,"minecraft:basalt":417,"minecraft:arrow":7,"minecraft:beef":2,"minecraft:quartz":70,"minecraft:netherrack":965,"minecraft:lectern":1,"minecraft:enchanted_book":1,"minecraft:water_bucket":2,"minecraft:golden_boots":2,"minecraft:iron_ingot":7,"minecraft:bread":100,"minecraft:oak_slab":2,"minecraft:wheat_seeds":1194,"minecraft:dripstone_block":12,"minecraft:poisonous_potato":7,"minecraft:iron_helmet":1,"minecraft:oak_fence":2,"minecraft:feather":2,"minecraft:cobblestone":18,"minecraft:apple":6,"minecraft:stick":244,"minecraft:oxeye_daisy":3,"minecraft:iron_block":1,"minecraft:diorite":20,"minecraft:torch":6,"minecraft:rabbit":2,"minecraft:diamond_helmet":2,"minecraft:iron_axe":2,"minecraft:string":14,"minecraft:pink_petals":2,"minecraft:bucket":1,"minecraft:dandelion":2,"minecraft:soul_soil":3,"minecraft:netherite_ingot":7,"minecraft:blaze_rod":9,"minecraft:tuff":1,"minecraft:raw_iron":13,"minecraft:white_carpet":2,"minecraft:pumpkin_seeds":16,"minecraft:netherite_leggings":1,"minecraft:diamond_sword":3,"minecraft:potato":23,"minecraft:cobblestone_slab":2,"minecraft:shield":2,"minecraft:diamond_chestplate":1,"minecraft:diamond_pickaxe":2,"minecraft:andesite":9,"minecraft:oak_sapling":1,"minecraft:golden_sword":1,"minecraft:spider_eye":4,"minecraft:stone_bricks":1,"minecraft:bamboo":1,"minecraft:blue_orchid":2,"minecraft:bow":1,"minecraft:stone_pickaxe":2,"minecraft:raw_gold":1,"minecraft:black_wool":1},"minecraft:used":{"minecraft:peony":34,"minecraft:cherry_sapling":16,"minecraft:iron_shovel":263,"minecraft:poppy":21,"minecraft:diamond_hoe":1261,"minecraft:polished_basalt":66,"minecraft:shield":122,"minecraft:chest":15,"minecraft:rotten_flesh":1,"minecraft:soul_sand":3,"minecraft:mutton":1,"minecraft:carrot":1,"minecraft:allium":2,"minecraft:tuff":24,"minecraft:azure_bluet":8,"minecraft:glass":9,"minecraft:spruce_boat":1,"minecraft:birch_sapling":6,"minecraft:blue_orchid":12,"minecraft:quartz_block":2,"minecraft:bow":40,"minecraft:scaffolding":124,"minecraft:sweet_berries":21,"minecraft:oak_sapling":69,"minecraft:blue_shulker_box":5,"minecraft:furnace":3,"minecraft:potato":577,"minecraft:diorite":1,"minecraft:oak_planks":58,"minecraft:sugar_cane":499,"minecraft:stone_pickaxe":58,"minecraft:chorus_fruit":6,"minecraft:blackstone":1,"minecraft:ender_pearl":7,"minecraft:diamond_axe":2298,"minecraft:wooden_pickaxe":4,"minecraft:blue_bed":1,"minecraft:white_wool":7,"minecraft:dripstone_block":8,"minecraft:end_stone":21,"minecraft:bread":106,"minecraft:lilac":5,"minecraft:diamond_sword":1340,"minecraft:smithing_table":1,"minecraft:andesite":2,"minecraft:birch_log":1,"minecraft:bone_meal":62,"minecraft:oak_fence":85,"minecraft:purpur_block":1,"minecraft:oak_trapdoor":65,"minecraft:netherrack":469,"minecraft:torch":151,"minecraft:dirt":1713,"minecraft:anvil":2,"minecraft:white_carpet":3,"minecraft:hopper":4,"minecraft:shulker_box":2,"minecraft:oak_fence_gate":2,"minecraft:wooden_axe":28,"minecraft:bookshelf":10,"minecraft:iron_axe":371,"minecraft:oak_stairs":2,"minecraft:bamboo":167,"minecraft:basalt":12,"minecraft:beef":1,"minecraft:soul_soil":1,"minecraft:netherite_pickaxe":1,"minecraft:cooked_beef":64,"minecraft:cobbled_deepslate":8,"minecraft:cherry_log":48,"minecraft:wheat_seeds":1924,"minecraft:cooked_mutton":8,"minecraft:water_bucket":78,"minecraft:yellow_shulker_box":8,"minecraft:baked_potato":30,"minecraft:andesite_slab":8,"minecraft:cobblestone_slab":4,"minecraft:polished_blackstone_bricks":16,"minecraft:oak_slab":379,"minecraft:crafting_table":10,"minecraft:white_bed":13,"minecraft:oak_log":10,"minecraft:wooden_hoe":61,"minecraft:ender_eye":6,"minecraft:cornflower":3,"minecraft:diamond_pickaxe":6910,"minecraft:apple":3,"minecraft:oxeye_daisy":2,"minecraft:diamond_shovel":2135,"minecraft:iron_pickaxe":263,"minecraft:netherite_axe":9,"minecraft:spruce_sapling":1,"minecraft:pink_petals":10,"minecraft:fishing_rod":3,"minecraft:cobblestone":1398,"minecraft:porkchop":21,"minecraft:cooked_porkchop":9,"minecraft:pink_shulker_box":1,"minecraft:bucket":77,"minecraft:yellow_bed":5,"minecraft:dandelion":25},"minecraft:crafted":{"minecraft:oak_planks":1260,"minecraft:cobblestone_slab":6,"minecraft:pink_shulker_box":1,"minecraft:diamond_shovel":1,"minecraft:bookshelf":10,"minecraft:shulker_box":2,"minecraft:magenta_shulker_box":1,"minecraft:quartz_block":2,"minecraft:hopper":4,"minecraft:netherite_boots":1,"minecraft:polished_blackstone":16,"minecraft:polished_basalt":64,"minecraft:chest":19,"minecraft:netherite_helmet":1,"minecraft:netherite_upgrade_smithing_template":24,"minecraft:magenta_dye":1,"minecraft:oak_fence":63,"minecraft:oak_slab":372,"minecraft:emerald":40,"minecraft:cooked_porkchop":11,"minecraft:diamond_axe":1,"minecraft:crafting_table":7,"minecraft:spruce_planks":32,"minecraft:wooden_pickaxe":1,"minecraft:baked_potato":30,"minecraft:birch_planks":64,"minecraft:pumpkin_seeds":16,"minecraft:book":45,"minecraft:wooden_hoe":1,"minecraft:yellow_dye":1,"minecraft:shield":1,"minecraft:stick":1048,"minecraft:iron_ingot":23,"minecraft:iron_pickaxe":2,"minecraft:gold_ingot":128,"minecraft:netherite_ingot":15,"minecraft:polished_blackstone_bricks":16,"minecraft:fishing_rod":1,"minecraft:netherite_sword":1,"minecraft:furnace":3,"minecraft:yellow_bed":2,"minecraft:blue_shulker_box":1,"minecraft:pink_dye":2,"minecraft:white_carpet":3,"minecraft:oak_trapdoor":64,"minecraft:netherite_chestplate":1,"minecraft:netherite_axe":1,"minecraft:netherite_leggings":1,"minecraft:yellow_shulker_box":1,"minecraft:iron_axe":3,"minecraft:stone_pickaxe":1,"minecraft:diamond_boots":1,"minecraft:spruce_boat":1,"minecraft:netherite_scrap":61,"minecraft:wheat":576,"minecraft:cooked_beef":71,"minecraft:crossbow":1,"minecraft:netherite_pickaxe":1,"minecraft:diamond_sword":2,"minecraft:blue_bed":1,"minecraft:bucket":3,"minecraft:bread":199,"minecraft:blue_dye":3,"minecraft:netherite_shovel":1,"minecraft:wooden_axe":1,"minecraft:iron_shovel":1,"minecraft:white_bed":3,"minecraft:torch":84,"minecraft:diamond_chestplate":2},"minecraft:mined":{"minecraft:oak_sapling":1,"minecraft:white_bed":11,"minecraft:farmland":1,"minecraft:cherry_log":39,"minecraft:granite":29,"minecraft:grass_block":1203,"minecraft:cracked_polished_blackstone_bricks":4,"minecraft:soul_soil":10,"minecraft:purpur_slab":2,"minecraft:oxeye_daisy":3,"minecraft:nether_wart":40,"minecraft:gilded_blackstone":1,"minecraft:spawner":2,"minecraft:weeping_vines_plant":1,"minecraft:polished_blackstone_bricks":15,"minecraft:tall_seagrass":1,"minecraft:glowstone":1,"minecraft:iron_ore":85,"minecraft:fire":8,"minecraft:pumpkin":4,"minecraft:anvil":1,"minecraft:deepslate_lapis_ore":6,"minecraft:azure_bluet":1,"minecraft:dirt_path":42,"minecraft:oak_stairs":1,"minecraft:blackstone":127,"minecraft:crimson_nylium":5,"minecraft:soul_fire":2,"minecraft:torch":15,"minecraft:poppy":4,"minecraft:chest":2,"minecraft:nether_quartz_ore":113,"minecraft:cobblestone":142,"minecraft:oak_planks":30,"minecraft:sugar_cane":1045,"minecraft:iron_door":1,"minecraft:wall_torch":1,"minecraft:pink_petals":35,"minecraft:birch_log":104,"minecraft:yellow_wool":6,"minecraft:wheat":1217,"minecraft:lilac":3,"minecraft:stripped_oak_wood":1,"minecraft:purpur_block":1,"minecraft:oak_log":1019,"minecraft:oak_fence_gate":3,"minecraft:dirt":850,"minecraft:blue_shulker_box":5,"minecraft:ancient_debris":62,"minecraft:netherrack":3286,"minecraft:deepslate":511,"minecraft:oak_leaves":242,"minecraft:nether_gold_ore":218,"minecraft:pink_shulker_box":1,"minecraft:tuff":49,"minecraft:deepslate_diamond_ore":117,"minecraft:cherry_sapling":3,"minecraft:end_stone":97,"minecraft:shulker_box":2,"minecraft:nether_bricks":1,"minecraft:allium":2,"minecraft:spruce_leaves":14,"minecraft:hay_block":58,"minecraft:oak_trapdoor":1,"minecraft:polished_basalt":2,"minecraft:andesite":11,"minecraft:gold_block":2,"minecraft:peony":35,"minecraft:potatoes":334,"minecraft:deepslate_iron_ore":4,"minecraft:stripped_oak_log":13,"minecraft:chorus_plant":1,"minecraft:bamboo":34,"minecraft:stone":1620,"minecraft:bone_block":11,"minecraft:yellow_shulker_box":8,"minecraft:white_wool":6,"minecraft:smithing_table":1,"minecraft:oak_slab":20,"minecraft:soul_sand":204,"minecraft:magenta_stained_glass":1,"minecraft:basalt":443,"minecraft:dandelion":19,"minecraft:oak_fence":94,"minecraft:crafting_table":3,"minecraft:cornflower":7,"minecraft:short_grass":557,"minecraft:copper_ore":4,"minecraft:tall_grass":31,"minecraft:purpur_pillar":2,"minecraft:lapis_ore":8,"minecraft:deepslate_gold_ore":1,"minecraft:diorite":24,"minecraft:sweet_berry_bush":9,"minecraft:white_carpet":2,"minecraft:spruce_log":8,"minecraft:birch_leaves":9,"minecraft:yellow_bed":3,"minecraft:coal_ore":143,"minecraft:cherry_leaves":9,"minecraft:gravel":107,"minecraft:dripstone_block":14,"minecraft:cobweb":4,"minecraft:cracked_stone_bricks":1,"minecraft:mossy_stone_bricks":2,"minecraft:gold_ore":9}},"DataVersion":3839}