{"stats":{"minecraft:dropped":{"minecraft:wheat_seeds":60,"minecraft:oak_log":399,"minecraft:feather":1,"minecraft:stick":3,"minecraft:cobblestone_stairs":3,"minecraft:birch_log":128},"minecraft:broken":{"minecraft:stone_pickaxe":8,"minecraft:iron_axe":1,"minecraft:stone_axe":9,"minecraft:stone_shovel":11},"minecraft:killed":{"minecraft:spider":2,"minecraft:creeper":2,"minecraft:skeleton":2,"minecraft:zombie":2},"minecraft:mined":{"minecraft:oak_slab":1,"minecraft:spruce_planks":1,"minecraft:oak_sapling":12,"minecraft:glass_pane":15,"minecraft:mossy_cobblestone":15,"minecraft:oak_door":2,"minecraft:cobblestone_stairs":10,"minecraft:oak_fence":33,"minecraft:crafting_table":8,"minecraft:granite":5,"minecraft:short_grass":337,"minecraft:allium":24,"minecraft:grass_block":760,"minecraft:poppy":3,"minecraft:chest":3,"minecraft:copper_ore":3,"minecraft:tall_grass":20,"minecraft:cobblestone":147,"minecraft:spruce_leaves":8,"minecraft:wall_torch":6,"minecraft:oak_planks":110,"minecraft:diorite":14,"minecraft:blue_bed":2,"minecraft:chiseled_stone_bricks":2,"minecraft:carrots":1,"minecraft:furnace":1,"minecraft:birch_log":149,"minecraft:iron_ore":10,"minecraft:wheat":85,"minecraft:sweet_berry_bush":10,"minecraft:lilac":3,"minecraft:spruce_log":23,"minecraft:birch_leaves":8,"minecraft:andesite":14,"minecraft:stripped_oak_wood":4,"minecraft:azure_bluet":19,"minecraft:oak_log":746,"minecraft:coal_ore":47,"minecraft:dirt_path":84,"minecraft:oak_fence_gate":1,"minecraft:oak_stairs":270,"minecraft:gravel":5,"minecraft:dirt":703,"minecraft:stone":896,"minecraft:stone_bricks":8,"minecraft:oak_leaves":266},"minecraft:crafted":{"minecraft:oak_planks":28,"minecraft:stone_shovel":11,"minecraft:crafting_table":10,"minecraft:spruce_planks":84,"minecraft:wooden_pickaxe":3,"minecraft:furnace":1,"minecraft:stone":25,"minecraft:birch_planks":36,"minecraft:stone_axe":8,"minecraft:bread":25,"minecraft:cooked_mutton":4,"minecraft:stick":64,"minecraft:stone_pickaxe":10,"minecraft:chest":2,"minecraft:chiseled_stone_bricks":2,"minecraft:torch":36,"minecraft:stone_hoe":1,"minecraft:stone_bricks":10},"minecraft:custom":{"minecraft:interact_with_furnace":7,"minecraft:mob_kills":8,"minecraft:interact_with_crafting_table":36,"minecraft:interact_with_stonecutter":1,"minecraft:interact_with_grindstone":1,"minecraft:leave_game":3,"minecraft:time_since_death":178717,"minecraft:sleep_in_bed":11,"minecraft:time_since_rest":45632,"minecraft:sprint_one_cm":519786,"minecraft:damage_taken":1958,"minecraft:walk_one_cm":811588,"minecraft:drop":19,"minecraft:damage_dealt":1869,"minecraft:swim_one_cm":13593,"minecraft:player_kills":1,"minecraft:fly_one_cm":559246,"minecraft:open_chest":37,"minecraft:crouch_one_cm":814,"minecraft:play_time":222952,"minecraft:deaths":2,"minecraft:sneak_time":273,"minecraft:walk_under_water_one_cm":2592,"minecraft:jump":3057,"minecraft:walk_on_water_one_cm":4940,"minecraft:total_world_time":222952,"minecraft:fall_one_cm":87136},"minecraft:killed_by":{"minecraft:player":1,"minecraft:zombie":1},"minecraft:used":{"minecraft:cooked_mutton":4,"minecraft:wheat_seeds":80,"minecraft:cobblestone_stairs":5,"minecraft:stone_shovel":1478,"minecraft:stone_pickaxe":1129,"minecraft:oak_planks":7,"minecraft:chest":5,"minecraft:spruce_planks":18,"minecraft:wooden_pickaxe":69,"minecraft:blue_bed":2,"minecraft:diamond_axe":493,"minecraft:oak_leaves":2,"minecraft:torch":11,"minecraft:mossy_cobblestone":1,"minecraft:dirt":1269,"minecraft:carrot":1,"minecraft:crafting_table":11,"minecraft:oak_log":2,"minecraft:apple":6,"minecraft:iron_axe":6,"minecraft:oak_stairs":21,"minecraft:bread":26,"minecraft:birch_sapling":4,"minecraft:stone_bricks":18,"minecraft:stone_axe":1143,"minecraft:chiseled_stone_bricks":4,"minecraft:cobblestone":3,"minecraft:sweet_berries":24,"minecraft:oak_sapling":62,"minecraft:furnace":2},"minecraft:picked_up":{"minecraft:birch_log":149,"minecraft:crafting_table":9,"minecraft:wheat":76,"minecraft:allium":37,"minecraft:azure_bluet":24,"minecraft:feather":1,"minecraft:lilac":3,"minecraft:andesite":14,"minecraft:oak_stairs":398,"minecraft:flint":1,"minecraft:oak_log":805,"minecraft:gunpowder":2,"minecraft:cobblestone_stairs":16,"minecraft:dirt":1551,"minecraft:blue_bed":2,"minecraft:raw_copper":9,"minecraft:iron_axe":1,"minecraft:bone":2,"minecraft:apple":6,"minecraft:stone_bricks":8,"minecraft:wheat_seeds":504,"minecraft:spruce_planks":1,"minecraft:oak_fence_gate":2,"minecraft:stone_pickaxe":1,"minecraft:stripped_oak_wood":4,"minecraft:poppy":12,"minecraft:stone_hoe":1,"minecraft:chest":3,"minecraft:birch_sapling":20,"minecraft:oak_planks":110,"minecraft:furnace":1,"minecraft:raw_iron":10,"minecraft:oak_slab":4,"minecraft:stick":75,"minecraft:oak_door":6,"minecraft:sweet_berries":54,"minecraft:chiseled_stone_bricks":2,"minecraft:oak_fence":66,"minecraft:torch":69,"minecraft:gravel":4,"minecraft:carrot":1,"minecraft:diorite":14,"minecraft:spruce_log":21,"minecraft:mossy_cobblestone":22,"minecraft:arrow":3,"minecraft:rotten_flesh":5,"minecraft:stone_axe":3,"minecraft:granite":5,"minecraft:diamond_axe":1,"minecraft:emerald":4,"minecraft:bread":5,"minecraft:oak_sapling":179,"minecraft:coal":81,"minecraft:oak_leaves":2,"minecraft:cobblestone":1169}},"DataVersion":3839}