{"stats":{"minecraft:broken":{"minecraft:stone_pickaxe":2,"minecraft:iron_pickaxe":1},"minecraft:dropped":{"minecraft:iron_ingot":4,"minecraft:oak_slab":21,"minecraft:short_grass":22,"minecraft:wheat_seeds":188,"minecraft:cobblestone":64,"minecraft:dirt":2,"minecraft:torch":2,"minecraft:oak_stairs":2,"minecraft:sugar":1,"minecraft:paper":1,"minecraft:string":9,"minecraft:white_wool":1,"minecraft:stone_axe":2,"minecraft:sugar_cane":2,"minecraft:cobbled_deepslate":1,"minecraft:oak_planks":13,"minecraft:shield":1,"minecraft:andesite":7,"minecraft:spider_eye":2,"minecraft:wooden_pickaxe":1,"minecraft:stone_pickaxe":1,"minecraft:raw_gold":8},"minecraft:killed":{"minecraft:spider":6,"minecraft:skeleton":14,"minecraft:pig":3,"minecraft:creeper":2,"minecraft:zombie":27,"minecraft:villager":1,"minecraft:enderman":1,"minecraft:cow":11},"minecraft:mined":{"minecraft:tuff":22,"minecraft:white_bed":1,"minecraft:deepslate_diamond_ore":13,"minecraft:cobbled_deepslate_stairs":2,"minecraft:obsidian":14,"minecraft:granite":13,"minecraft:grass_block":137,"minecraft:crimson_roots":1,"minecraft:spruce_leaves":4,"minecraft:cartography_table":1,"minecraft:kelp":2,"minecraft:tall_seagrass":2,"minecraft:furnace":3,"minecraft:iron_ore":68,"minecraft:cobbled_deepslate":34,"minecraft:fire":1,"minecraft:andesite":7,"minecraft:deepslate_lapis_ore":6,"minecraft:gold_block":1,"minecraft:potatoes":39,"minecraft:pointed_dripstone":1,"minecraft:deepslate_iron_ore":4,"minecraft:dirt_path":10,"minecraft:oak_stairs":2,"minecraft:stripped_oak_log":1,"minecraft:stone":307,"minecraft:white_wool":4,"minecraft:deepslate_redstone_ore":7,"minecraft:oak_slab":14,"minecraft:kelp_plant":1,"minecraft:soul_fire":1,"minecraft:dandelion":4,"minecraft:crafting_table":3,"minecraft:cornflower":1,"minecraft:torch":13,"minecraft:short_grass":688,"minecraft:poppy":3,"minecraft:chest":2,"minecraft:nether_quartz_ore":6,"minecraft:tall_grass":80,"minecraft:cobblestone":18,"minecraft:oak_planks":3,"minecraft:sugar_cane":239,"minecraft:diorite":3,"minecraft:wall_torch":31,"minecraft:seagrass":2,"minecraft:birch_log":217,"minecraft:wheat":83,"minecraft:spruce_log":12,"minecraft:birch_leaves":14,"minecraft:oak_log":380,"minecraft:coal_ore":48,"minecraft:sand":76,"minecraft:gravel":5,"minecraft:dripstone_block":10,"minecraft:dirt":92,"minecraft:netherrack":1,"minecraft:gold_ore":4,"minecraft:oak_leaves":174,"minecraft:deepslate":593},"minecraft:crafted":{"minecraft:oak_planks":1232,"minecraft:stone_shovel":2,"minecraft:furnace":14,"minecraft:diamond_shovel":1,"minecraft:cooked_mutton":2,"minecraft:glass_pane":80,"minecraft:glass":57,"minecraft:diamond_helmet":1,"minecraft:diamond_leggings":1,"minecraft:iron_boots":1,"minecraft:stone_pickaxe":3,"minecraft:diamond_boots":1,"minecraft:filled_map":1,"minecraft:chest":4,"minecraft:cobbled_deepslate_stairs":20,"minecraft:cooked_beef":17,"minecraft:sugar":1,"minecraft:oak_slab":96,"minecraft:diamond_sword":1,"minecraft:emerald":113,"minecraft:cooked_porkchop":3,"minecraft:crafting_table":13,"minecraft:spruce_planks":48,"minecraft:enchanting_table":1,"minecraft:baked_potato":24,"minecraft:wooden_pickaxe":1,"minecraft:iron_helmet":1,"minecraft:iron_sword":1,"minecraft:bucket":1,"minecraft:birch_planks":804,"minecraft:stone_axe":1,"minecraft:bread":27,"minecraft:air":0,"minecraft:cartography_table":1,"minecraft:oak_boat":1,"minecraft:iron_chestplate":1,"minecraft:book":1,"minecraft:paper":369,"minecraft:diamond_pickaxe":1,"minecraft:shield":1,"minecraft:stick":2984,"minecraft:compass":1,"minecraft:iron_ingot":40,"minecraft:iron_pickaxe":1,"minecraft:iron_leggings":1,"minecraft:white_bed":1,"minecraft:torch":116,"minecraft:shears":1,"minecraft:diamond_chestplate":1},"minecraft:custom":{"minecraft:mob_kills":68,"minecraft:interact_with_crafting_table":64,"minecraft:leave_game":2,"minecraft:time_since_death":106932,"minecraft:sprint_one_cm":408133,"minecraft:walk_one_cm":482120,"minecraft:damage_blocked_by_shield":1948,"minecraft:drop":41,"minecraft:talked_to_villager":30,"minecraft:play_time":218165,"minecraft:deaths":1,"minecraft:sneak_time":4095,"minecraft:walk_under_water_one_cm":26993,"minecraft:boat_one_cm":260596,"minecraft:jump":3191,"minecraft:walk_on_water_one_cm":21395,"minecraft:total_world_time":218165,"minecraft:interact_with_furnace":109,"minecraft:traded_with_villager":118,"minecraft:sleep_in_bed":4,"minecraft:time_since_rest":84888,"minecraft:damage_taken":2344,"minecraft:damage_dealt":10914,"minecraft:swim_one_cm":31412,"minecraft:fly_one_cm":486360,"minecraft:open_chest":43,"minecraft:crouch_one_cm":10123,"minecraft:fall_one_cm":74956,"minecraft:horse_one_cm":583},"minecraft:used":{"minecraft:enchanting_table":1,"minecraft:stone_shovel":119,"minecraft:poppy":1,"minecraft:chest":6,"minecraft:shield":60,"minecraft:iron_sword":65,"minecraft:rotten_flesh":5,"minecraft:iron_chestplate":1,"minecraft:torch":173,"minecraft:dirt":218,"minecraft:obsidian":10,"minecraft:lava_bucket":1,"minecraft:iron_helmet":1,"minecraft:crimson_roots":1,"minecraft:golden_sword":8,"minecraft:beef":2,"minecraft:furnace":12,"minecraft:potato":52,"minecraft:cooked_beef":12,"minecraft:cobbled_deepslate":521,"minecraft:iron_leggings":1,"minecraft:wheat_seeds":79,"minecraft:cooked_mutton":2,"minecraft:water_bucket":16,"minecraft:baked_potato":2,"minecraft:stone_pickaxe":262,"minecraft:oak_planks":71,"minecraft:cartography_table":2,"minecraft:wooden_pickaxe":18,"minecraft:sugar_cane":11,"minecraft:diamond_axe":911,"minecraft:white_wool":15,"minecraft:oak_slab":114,"minecraft:crafting_table":16,"minecraft:white_bed":3,"minecraft:cobbled_deepslate_stairs":14,"minecraft:shears":5,"minecraft:oak_log":9,"minecraft:diamond_pickaxe":734,"minecraft:apple":4,"minecraft:diamond_shovel":201,"minecraft:map":1,"minecraft:bread":16,"minecraft:iron_pickaxe":253,"minecraft:stone_axe":55,"minecraft:diamond_sword":98,"minecraft:cobblestone":208,"minecraft:cooked_porkchop":3,"minecraft:bucket":18,"minecraft:birch_log":1,"minecraft:oak_boat":1},"minecraft:picked_up":{"minecraft:crafting_table":3,"minecraft:iron_chestplate":1,"minecraft:wheat":83,"minecraft:lead":1,"minecraft:diamond_sword":1,"minecraft:wooden_pickaxe":3,"minecraft:oak_stairs":2,"minecraft:gold_block":1,"minecraft:shield":2,"minecraft:cornflower":4,"minecraft:string":22,"minecraft:iron_leggings":1,"minecraft:diamond_leggings":1,"minecraft:cartography_table":1,"minecraft:cobbled_deepslate":570,"minecraft:spruce_planks":1,"minecraft:beef":22,"minecraft:poppy":4,"minecraft:sugar_cane":383,"minecraft:chest":2,"minecraft:birch_sapling":6,"minecraft:iron_boots":1,"minecraft:furnace":7,"minecraft:stick":56,"minecraft:raw_iron":116,"minecraft:torch":77,"minecraft:porkchop":3,"minecraft:pointed_dripstone":8,"minecraft:diorite":6,"minecraft:redstone":87,"minecraft:diamond_chestplate":1,"minecraft:rotten_flesh":56,"minecraft:arrow":14,"minecraft:stone_shovel":1,"minecraft:shears":2,"minecraft:obsidian":14,"minecraft:white_wool":23,"minecraft:cobblestone":417,"minecraft:stripped_oak_log":1,"minecraft:birch_log":216,"minecraft:cooked_beef":2,"minecraft:water_bucket":1,"minecraft:andesite":16,"minecraft:leather":23,"minecraft:potato":107,"minecraft:tuff":12,"minecraft:oak_log":371,"minecraft:cobbled_deepslate_stairs":2,"minecraft:dirt":314,"minecraft:lapis_lazuli":84,"minecraft:bone":13,"minecraft:apple":6,"minecraft:bow":1,"minecraft:wheat_seeds":582,"minecraft:raw_gold":20,"minecraft:iron_ingot":8,"minecraft:iron_sword":1,"minecraft:oak_planks":23,"minecraft:oak_slab":40,"minecraft:sand":76,"minecraft:poisonous_potato":6,"minecraft:quartz":6,"minecraft:dandelion":4,"minecraft:gravel":1,"minecraft:dripstone_block":16,"minecraft:white_bed":2,"minecraft:spruce_log":12,"minecraft:spider_eye":10,"minecraft:diamond_shovel":1,"minecraft:sugar":3,"minecraft:diamond":18,"minecraft:stone_axe":4,"minecraft:short_grass":22,"minecraft:iron_helmet":3,"minecraft:diamond_axe":1,"minecraft:granite":6,"minecraft:emerald":12,"minecraft:oak_sapling":43,"minecraft:netherrack":2,"minecraft:black_wool":4,"minecraft:coal":53,"minecraft:crimson_roots":1,"minecraft:diamond_pickaxe":1}},"DataVersion":3839}