{"stats":{"minecraft:custom":{"minecraft:jump":29,"minecraft:time_since_rest":16491,"minecraft:crouch_one_cm":538,"minecraft:play_time":16491,"minecraft:leave_game":2,"minecraft:sprint_one_cm":2710,"minecraft:walk_on_water_one_cm":2846,"minecraft:time_since_death":16491,"minecraft:walk_one_cm":2495,"minecraft:sneak_time":327,"minecraft:total_world_time":16491,"minecraft:walk_under_water_one_cm":44,"minecraft:swim_one_cm":973,"minecraft:fly_one_cm":140076},"minecraft:picked_up":{"minecraft:sugar_cane":8},"minecraft:used":{"minecraft:sugar_cane":8},"minecraft:mined":{"minecraft:short_grass":1,"minecraft:sugar_cane":4}},"DataVersion":3839}