{"stats":{"minecraft:picked_up":{"minecraft:sugar_cane":8},"minecraft:mined":{"minecraft:short_grass":1,"minecraft:sugar_cane":4},"minecraft:custom":{"minecraft:jump":50,"minecraft:time_since_rest":21952,"minecraft:crouch_one_cm":538,"minecraft:leave_game":5,"minecraft:sprint_one_cm":4582,"minecraft:play_time":21952,"minecraft:time_since_death":21952,"minecraft:walk_on_water_one_cm":2846,"minecraft:walk_one_cm":3116,"minecraft:sneak_time":327,"minecraft:total_world_time":21952,"minecraft:walk_under_water_one_cm":44,"minecraft:swim_one_cm":973,"minecraft:fly_one_cm":144432},"minecraft:used":{"minecraft:sugar_cane":8}},"DataVersion":3839}