{"stats":{"minecraft:mined":{"minecraft:short_grass":1,"minecraft:sugar_cane":4},"minecraft:custom":{"minecraft:jump":12,"minecraft:time_since_rest":8628,"minecraft:crouch_one_cm":538,"minecraft:leave_game":1,"minecraft:sprint_one_cm":1620,"minecraft:play_time":8628,"minecraft:walk_on_water_one_cm":1800,"minecraft:time_since_death":8628,"minecraft:walk_one_cm":2304,"minecraft:sneak_time":320,"minecraft:total_world_time":8628,"minecraft:fly_one_cm":135868},"minecraft:used":{"minecraft:sugar_cane":8},"minecraft:picked_up":{"minecraft:sugar_cane":8}},"DataVersion":3839}