{"stats":{"minecraft:mined":{"minecraft:short_grass":1,"minecraft:sugar_cane":4},"minecraft:used":{"minecraft:sugar_cane":8},"minecraft:picked_up":{"minecraft:sugar_cane":8},"minecraft:custom":{"minecraft:jump":55,"minecraft:time_since_rest":25666,"minecraft:crouch_one_cm":930,"minecraft:leave_game":6,"minecraft:sprint_one_cm":6126,"minecraft:play_time":25666,"minecraft:time_since_death":25666,"minecraft:walk_on_water_one_cm":2846,"minecraft:walk_one_cm":3445,"minecraft:sneak_time":384,"minecraft:total_world_time":25666,"minecraft:walk_under_water_one_cm":44,"minecraft:swim_one_cm":973,"minecraft:fly_one_cm":148286}},"DataVersion":3839}